first_name,last_name,email,address
Tammy,Alexander,davissherri@example.net,"53000 Wong Orchard\nHernandezburgh, VT 15497"
Warren,Anderson,denise09@example.com,"6653 Smith Island Suite 189\nPort Jefferyshire, OR 48919"
Claudia,Andrews,bjackson@example.net,"8796 Hudson Green\nWest David, UT 87420"
Kelly,Barnes,austinmills@example.com,"4785 John Pines\nSouth Marialand, PW 93367"
George,Barnett,littlekatherine@example.org,"PSC 0665, Box 3648\nAPO AP 40416"
Robert,Bates,thompsoneric@example.org,"96575 Alvarez Tunnel Suite 927\nPhillipsville, WI 24830"
Vicki,Black,ekerr@example.com,"358 Denise Valleys Apt. 959\nEast Timothy, TX 89075"
Robert,Boyle,dbanks@example.net,"3516 Diaz Hill Suite 644\nSouth Ashley, ID 67141"
William,Brady,fergusoncarrie@example.com,"4189 Madison Glens Suite 206\nLake Vickiborough, TN 20792"
Aaron,Castillo,roy72@example.com,"9595 Gary Port\nLarafort, TN 04209"
Jose,Clark,zblankenship@example.net,"151 Christopher Mission\nEast Richardfurt, WV 99208"
Cody,Cochran,jennifer14@example.net,"554 Williams Mountain\nSouth Anthonyville, SD 39567"
Andres,Cox,wyoung@example.org,"5983 Torres Ramp Apt. 049\nSouth Ashleybury, MO 55441"
Elizabeth,David,smithdouglas@example.com,"19721 Drew Key\nNew Donaldport, NH 05690"
Bryan,Garner,mason56@example.com,Unit 0768 Box 5333\nDPO AA 02106
Leslie,Gates,ericmccall@example.org,"8584 Myers Spur Suite 534\nEast Rebecca, GA 05015"
Nicole,Gomez,danielbeck@example.net,"8964 Elaine Row\nMichellemouth, WA 28356"
Megan,Gordon,calvinweaver@example.com,"904 Deanna Orchard\nJosephborough, NH 69990"
Jesse,Haley,courtney36@example.com,"11367 Chan Freeway Suite 858\nShafferland, ME 03924"
Robert,Hammond,calderontodd@example.net,"1294 Melanie Stravenue\nLauramouth, VA 09777"
Michael,Harmon,wmoreno@example.net,"759 Jennifer Pines Suite 921\nFreemanside, OH 17781"
Kevin,Harmon,tracey87@example.net,"59005 Carr Motorway\nSouth Christopherport, SC 55215"
Charles,Hernandez,nathan42@example.net,"39976 Lisa Estate Apt. 112\nNorth Thomas, VI 14305"
Hannah,James,browland@example.com,"5273 Michelle Knolls Suite 621\nEast Kimberlyside, VA 19041"
Desiree,Jenkins,harrisonjoseph@example.net,"966 Stephanie Mission\nNew Benjamin, SC 12991"
Robert,Jennings,marydavis@example.com,"481 Hill Hills Suite 057\nPort Tracy, MS 40860"
Heather,Johnson,shannonthornton@example.org,"209 Castro Park Apt. 865\nSouth Robinborough, ND 22252"
John,Jones,lisarivas@example.net,"38823 Ramsey River Suite 085\nLake Jeffrey, OH 02675"
Lisa,Le,gregory74@example.com,"770 Danielle Terrace\nSouth David, RI 76425"
Christian,Lewis,linda38@example.org,"7194 Haley Flats Apt. 637\nPort Lauren, PR 27381"
Lauren,Mason,dylanpatterson@example.net,"78592 Parrish Tunnel Suite 745\nNorth Latoya, IN 58484"
Michael,Mcdonald,thomassusan@example.org,"8994 Davis Prairie Apt. 757\nNew Brianton, IL 12319"
Hector,Meyer,ktrujillo@example.com,"135 Davis Radial\nSouth Elizabethfurt, UT 37374"
Amanda,Morris,mary42@example.com,Unit 2086 Box 3374\nDPO AP 23339
Molly,Morton,john22@example.net,"46505 William Flat Suite 376\nLeslieside, PW 50891"
James,Murphy,brian68@example.com,"9785 Barker Port\nTonyhaven, KY 64768"
Cristina,Obrien,colemanryan@example.com,"96958 Dominique Lodge\nWarrenfurt, CT 73306"
Robert,Olson,nicole39@example.com,"77242 Schneider Inlet Apt. 459\nEast Jackie, SD 40786"
Zachary,Park,stephanieharris@example.org,"8752 Brandon Expressway\nPort Amy, VT 43136"
Joseph,Pennington,anthony59@example.org,"5549 Espinoza Springs Apt. 660\nCandaceport, PW 92752"
Jason,Reynolds,rosariogregory@example.org,"31860 Joseph Parkway Apt. 580\nJessicatown, PW 06423"
Rachel,Rivera,dianagarcia@example.org,"159 Baker Ways\nNorth Rhondamouth, WI 80619"
April,Rodriguez,derek64@example.com,Unit 6060 Box 3898\nDPO AE 76859
Lindsey,Scott,rogerssue@example.net,"397 Flores Mills Apt. 871\nEast Gregorymouth, HI 50014"
Hailey,Shields,bennettshawn@example.net,"64569 Walker Point\nOnealville, SC 98233"
Natalie,Smith,dennisgray@example.net,"PSC 6457, Box 3150\nAPO AE 91418"
Laurie,Swanson,johnsontanya@example.com,"554 Maldonado Prairie\nAnnaport, OK 26003"
Stephanie,Taylor,thomasstacy@example.org,"2898 Williams Cliff Suite 609\nWest Jeremyborough, MI 68823"
Christopher,Townsend,parsonsandre@example.org,"959 Lynch Brook Suite 713\nWest Deborahstad, MS 47039"
Bryan,Watson,dwilliams@example.org,"839 Paul Parkways\nWest Victoria, TN 83829"
